shots,precision,recall,f1,f2
5,0.9791666666666666,0.8468468468468469,0.9082125603864735,0.8703703703703703
